[
    {
        "id": 1,
        "priority": 1,
        "action": {
            "type": "block"
        },
        "condition": {
            "urlFilter": "*youtube.com/*",
            "resourceTypes": [
                "sub_frame",
                "media",
                "xmlhttprequest",
                "object",
                "other"
            ]
        }
    },
    {
        "id": 2,
        "priority": 1,
        "action": {
            "type": "block"
        },
        "condition": {
            "urlFilter": "*youtu.be/*",
            "resourceTypes": [
                "sub_frame",
                "media",
                "xmlhttprequest",
                "object",
                "other"
            ]
        }
    },
    {
        "id": 3,
        "priority": 1,
        "action": {
            "type": "block"
        },
        "condition": {
            "urlFilter": "*tiktok.com/*",
            "resourceTypes": [
                "sub_frame",
                "media",
                "xmlhttprequest",
                "object",
                "other"
            ]
        }
    },
    {
        "id": 4,
        "priority": 1,
        "action": {
            "type": "block"
        },
        "condition": {
            "urlFilter": "*youtube-nocookie.com/*",
            "resourceTypes": [
                "sub_frame",
                "media",
                "xmlhttprequest",
                "object",
                "other"
            ]
        }
    },
    {
        "id": 5,
        "priority": 1,
        "action": {
            "type": "block"
        },
        "condition": {
            "urlFilter": "*.googlevideo.com/*",
            "resourceTypes": [
                "media",
                "xmlhttprequest",
                "other"
            ]
        }
    }
]